<?xml version="1.0"?>
<!DOCTYPE hibernate-mapping PUBLIC "-//Hibernate/Hibernate Mapping DTD 3.0//EN"
"http://hibernate.sourceforge.net/hibernate-mapping-3.0.dtd">

<hibernate-mapping>
      <class name="User" table="user">
       <id name="userId" type="java.lang.Integer" >
           <column name="userId"></column>
           <generator class="assigned"></generator> 
       </id>
        <property name="name" type="java.lang.String" >
            <column name="name" not-null="true"></column>
        </property>
        <property name="phoneNumber" type="java.lang.Long" >
            <column name="phoneNumber" ></column>
        </property> 
         <property name="password" type="java.lang.String" >
            <column name="password" not-null="true"></column>
        </property>
        
    </class>
</hibernate-mapping>